{"KXSOLD": [81.33, 1783452934.5988321], "KXBTCD": [63748.56, 1783452933.9851027], "KXETHD": [1785.9, 1783451149.5448353], "KXXRPD": [1.1159, 1783452405.707419]}