{"KXSOLD": [81.52, 1783425948.7273183], "KXBTCD": [63515.64, 1783425947.6656067], "KXETHD": [1783.08, 1783428094.8032866], "KXXRPD": [1.1274, 1783425949.240507]}