{"KXSOLD": [81.43, 1783411912.8078544], "KXBTCD": [63112.04, 1783422352.8464305], "KXETHD": [1773.73, 1783424133.3007665], "KXXRPD": [1.1213, 1783424492.9058917]}