{"KXSOLD": [81.85, 1783367418.7231774], "KXBTCD": [63744.12, 1783366555.689085], "KXETHD": [1796.6, 1783366010.9185956], "KXXRPD": [1.1499, 1783366898.2035127]}