{"KXSOLD": [77.46, 1783512331.49236], "KXBTCD": [62257.75, 1783512330.876395], "KXETHD": [1738.55, 1783515933.9781568], "KXXRPD": [1.0934, 1783487151.9950423]}