{"KXSOLD": [81.33, 1783452934.5988321], "KXBTCD": [63473.95, 1783459237.3398678], "KXETHD": [1777.19, 1783459237.8660827], "KXXRPD": [1.1156, 1783459238.432646]}