{"KXSOLD": [78.55, 1783487151.4267752], "KXBTCD": [62755.87, 1783487150.890341], "KXETHD": [1756.35, 1783484806.0662575], "KXXRPD": [1.0934, 1783487151.9950423]}