{"KXSOLD": [80.62, 1783469513.290728], "KXBTCD": [62892.45, 1783476348.6856375], "KXETHD": [1776.55, 1783473111.5910647], "KXXRPD": [1.1139, 1783473112.2278929]}