{"KXSOLD": [78.64, 1783483548.4228537], "KXBTCD": [62748.17, 1783483548.9857466], "KXETHD": [1758.89, 1783479949.1712885], "KXXRPD": [1.0949, 1783483549.5194383]}