{"KXSOLD": [78.26, 1783478134.6532009], "KXBTCD": [62606.0, 1783478135.1564994], "KXETHD": [1776.55, 1783473111.5910647], "KXXRPD": [1.0964, 1783477606.0000663]}