{"KXSOLD": [77.46, 1783512331.49236], "KXBTCD": [62257.75, 1783512330.876395], "KXETHD": [1742.68, 1783514492.698135], "KXXRPD": [1.0934, 1783487151.9950423]}