{"KXSOLD": [77.23, 1783568146.4449062], "KXBTCD": [61722.46, 1783566330.665945], "KXETHD": [1736.6, 1783559131.279089], "KXXRPD": [1.0839, 1783567240.7409556]}