{"KXSOLD": [80.86, 1783464659.204803], "KXBTCD": [63546.84, 1783465549.4546716], "KXETHD": [1776.01, 1783465548.3453124], "KXXRPD": [1.1155, 1783465549.1030717]}