{"KXSOLD": [77.18, 1783546889.4700618], "KXBTCD": [62189.42, 1783539690.8980644], "KXETHD": [1735.31, 1783546890.0665987], "KXXRPD": [1.0887, 1783539348.9563656]}