{"KXSOLD": [77.29, 1783531587.1724482], "KXBTCD": [62192.11, 1783539347.2676692], "KXETHD": [1737.4, 1783539348.051718], "KXXRPD": [1.0887, 1783539348.9563656]}