{"KXSOLD": [82.33, 1783447549.2076476], "KXBTCD": [63987.22, 1783447548.5646722], "KXETHD": [1802.47, 1783447917.4140563], "KXXRPD": [1.1288, 1783444311.3782475]}