{"KXSOLD": [81.24, 1783429548.672903], "KXBTCD": [63234.73, 1783429547.6617043], "KXETHD": [1775.2, 1783429548.1333091], "KXXRPD": [1.1274, 1783425949.240507]}