{"KXSOLD": [81.33, 1783452934.5988321], "KXBTCD": [63748.56, 1783452933.9851027], "KXETHD": [1784.85, 1783456893.3906808], "KXXRPD": [1.1159, 1783452405.707419]}