{"KXSOLD": [81.46, 1783436752.560343], "KXBTCD": [63986.9, 1783443950.199412], "KXETHD": [1800.87, 1783443950.8073683], "KXXRPD": [1.1248, 1783440710.9545705]}