{"KXSOLD": [82.33, 1783447549.2076476], "KXBTCD": [63987.22, 1783447548.5646722], "KXETHD": [1800.87, 1783443950.8073683], "KXXRPD": [1.1288, 1783444311.3782475]}