{"KXSOLD": [81.5, 1783407949.9166882], "KXBTCD": [63101.16, 1783409734.2695804], "KXETHD": [1778.17, 1783407949.3925915], "KXXRPD": [1.1222, 1783402010.4961133]}