{"KXSOLD": [81.46, 1783436752.560343], "KXBTCD": [63928.04, 1783440350.2293465], "KXETHD": [1796.69, 1783440350.7622628], "KXXRPD": [1.1248, 1783440710.9545705]}