{"KXSOLD": [82.04, 1783354316.636205], "KXBTCD": [63381.99, 1783353954.8905468], "KXETHD": [1784.86, 1783353955.4381096], "KXXRPD": [1.147, 1783354317.140979]}