{"KXSOLD": [81.58, 1783359699.494714], "KXBTCD": [63781.07, 1783357556.6989164], "KXETHD": [1798.55, 1783358811.2634213], "KXXRPD": [1.1536, 1783358449.5624332]}