{"KXSOLD": [83.0, 1783372316.151319], "KXBTCD": [63797.39, 1783371955.5966613], "KXETHD": [1821.84, 1783372315.5947526], "KXXRPD": [1.1433, 1783371956.1621594]}