{"KXSOLD": [81.36, 1783393554.1524444], "KXBTCD": [63147.23, 1783397154.4608855], "KXETHD": [1778.78, 1783393554.7267125], "KXXRPD": [1.1363, 1783391211.6245313]}