{"KXSOLD": [80.96, 1783433150.8692467], "KXBTCD": [63064.57, 1783433149.5719767], "KXETHD": [1773.37, 1783433150.1238227], "KXXRPD": [1.1174, 1783435857.7267387]}