{"KXSOLD": [78.26, 1783478134.6532009], "KXBTCD": [62971.88, 1783479949.7426152], "KXETHD": [1758.89, 1783479949.1712885], "KXXRPD": [1.0964, 1783477606.0000663]}