{"KXSOLD": [78.55, 1783487151.4267752], "KXBTCD": [62755.87, 1783487150.890341], "KXETHD": [1755.89, 1783487514.5898654], "KXXRPD": [1.0934, 1783487151.9950423]}