{"KXSOLD": [82.31, 1783379153.763573], "KXBTCD": [64029.86, 1783382753.2079954], "KXETHD": [1798.75, 1783382753.5263073], "KXXRPD": [1.1449, 1783383115.0416214]}