{"KXSOLD": [78.38, 1783559505.8535206], "KXBTCD": [62119.3, 1783559130.6374602], "KXETHD": [1736.6, 1783559131.279089], "KXXRPD": [1.0931, 1783560040.0676882]}