{"KXSOLD": [80.83, 1783399296.871475], "KXBTCD": [63020.15, 1783404348.245088], "KXETHD": [1760.83, 1783401115.3623414], "KXXRPD": [1.1222, 1783402010.4961133]}