{"KXSOLD": [77.46, 1783551932.6046817], "KXBTCD": [62248.75, 1783551932.1099458], "KXETHD": [1739.22, 1783548336.932071], "KXXRPD": [1.0887, 1783539348.9563656]}