{"KXSOLD": [77.58, 1783555905.7523327], "KXBTCD": [62134.1, 1783555531.7770007], "KXETHD": [1739.99, 1783555532.4257169], "KXXRPD": [1.0887, 1783539348.9563656]}