{"KXSOLD": [77.44, 1783562730.954894], "KXBTCD": [61885.46, 1783562730.2141128], "KXETHD": [1736.6, 1783559131.279089], "KXXRPD": [1.0847, 1783562731.699407]}