{"KXSOLD": [76.67, 1783523507.1735022], "KXBTCD": [61748.03, 1783523130.8628924], "KXETHD": [1724.07, 1783523131.5188754], "KXXRPD": [1.0719, 1783523506.3746583]}