{"KXSOLD": [77.46, 1783512331.49236], "KXBTCD": [62257.75, 1783512330.876395], "KXETHD": [1755.89, 1783487514.5898654], "KXXRPD": [1.0934, 1783487151.9950423]}