{"KXSOLD": [81.43, 1783411912.8078544], "KXBTCD": [63081.51, 1783415148.2588303], "KXETHD": [1773.1, 1783410656.9470284], "KXXRPD": [1.1222, 1783402010.4961133]}