{"KXSOLD": [77.28, 1783548335.1737368], "KXBTCD": [62215.55, 1783548336.100404], "KXETHD": [1739.22, 1783548336.932071], "KXXRPD": [1.0887, 1783539348.9563656]}