{"KXSOLD": [82.27, 1783384010.2832613], "KXBTCD": [64029.86, 1783382753.2079954], "KXETHD": [1798.75, 1783382753.5263073], "KXXRPD": [1.1449, 1783383115.0416214]}