{"KXSOLD": [81.68, 1783368714.919035], "KXBTCD": [63797.39, 1783371955.5966613], "KXETHD": [1794.4, 1783370153.363817], "KXXRPD": [1.1433, 1783371956.1621594]}