{"KXSOLD": [77.58, 1783555905.7523327], "KXBTCD": [62119.3, 1783559130.6374602], "KXETHD": [1736.6, 1783559131.279089], "KXXRPD": [1.0887, 1783539348.9563656]}