{"KXSOLD": [78.64, 1783483548.4228537], "KXBTCD": [62748.17, 1783483548.9857466], "KXETHD": [1756.35, 1783484806.0662575], "KXXRPD": [1.095, 1783484806.6769733]}