{"KXSOLD": [81.72, 1783390847.9084082], "KXBTCD": [63831.99, 1783389953.0428002], "KXETHD": [1798.75, 1783382753.5263073], "KXXRPD": [1.1427, 1783389018.1726806]}