{"KXSOLD": [79.23, 1783343155.6174376], "KXBTCD": [61860.95, 1783339555.2971046], "KXETHD": [1732.66, 1783343155.140895], "KXXRPD": [1.1097, 1783343156.118763]}