{"KXSOLD": [80.86, 1783464659.204803], "KXBTCD": [63546.84, 1783465549.4546716], "KXETHD": [1777.18, 1783465911.8397732], "KXXRPD": [1.1155, 1783465549.1030717]}