{"KXSOLD": [81.36, 1783393554.1524444], "KXBTCD": [63315.61, 1783393555.2579265], "KXETHD": [1778.78, 1783393554.7267125], "KXXRPD": [1.1363, 1783391211.6245313]}