{"KXSOLD": [81.61, 1783361155.6966915], "KXBTCD": [63744.12, 1783366555.689085], "KXETHD": [1796.6, 1783366010.9185956], "KXXRPD": [1.1499, 1783366898.2035127]}