{"KXSOLD": [81.68, 1783368714.919035], "KXBTCD": [63744.12, 1783366555.689085], "KXETHD": [1794.4, 1783370153.363817], "KXXRPD": [1.1499, 1783366898.2035127]}