{"KXSOLD": [77.29, 1783531587.1724482], "KXBTCD": [61974.79, 1783530330.9512756], "KXETHD": [1738.77, 1783531587.7412379], "KXXRPD": [1.0749, 1783526732.8149068]}