{"KXSOLD": [77.23, 1783568146.4449062], "KXBTCD": [61992.27, 1783569930.65261], "KXETHD": [1730.89, 1783569931.3147507], "KXXRPD": [1.0839, 1783567240.7409556]}