{"KXSOLD": [81.68, 1783368714.919035], "KXBTCD": [63744.12, 1783366555.689085], "KXETHD": [1796.6, 1783366010.9185956], "KXXRPD": [1.1499, 1783366898.2035127]}