{"KXSOLD": [80.62, 1783469513.290728], "KXBTCD": [63461.84, 1783472750.8086324], "KXETHD": [1776.27, 1783470933.6652682], "KXXRPD": [1.1122, 1783469150.6283698]}