{"KXSOLD": [82.6, 1783375553.930826], "KXBTCD": [64303.06, 1783375553.3872736], "KXETHD": [1821.84, 1783372315.5947526], "KXXRPD": [1.1433, 1783371956.1621594]}