{"KXSOLD": [81.5, 1783407949.9166882], "KXBTCD": [63126.63, 1783410656.4233816], "KXETHD": [1773.1, 1783410656.9470284], "KXXRPD": [1.1222, 1783402010.4961133]}