{"KXSOLD": [77.46, 1783551932.6046817], "KXBTCD": [62134.1, 1783555531.7770007], "KXETHD": [1739.99, 1783555532.4257169], "KXXRPD": [1.0887, 1783539348.9563656]}