{"KXSOLD": [80.52, 1783350355.362503], "KXBTCD": [62857.24, 1783353018.632981], "KXETHD": [1756.4, 1783350355.853409], "KXXRPD": [1.1097, 1783343156.118763]}