{"KXSOLD": [82.31, 1783379153.763573], "KXBTCD": [64246.75, 1783379154.2504506], "KXETHD": [1821.84, 1783372315.5947526], "KXXRPD": [1.1433, 1783371956.1621594]}