{"KXSOLD": [82.33, 1783445206.9520845], "KXBTCD": [63986.9, 1783443950.199412], "KXETHD": [1800.87, 1783443950.8073683], "KXXRPD": [1.1288, 1783444311.3782475]}