{"KXSOLD": [80.73, 1783459606.6909044], "KXBTCD": [63473.95, 1783459237.3398678], "KXETHD": [1777.19, 1783459237.8660827], "KXXRPD": [1.1154, 1783459607.312899]}