{"KXSOLD": [81.43, 1783411912.8078544], "KXBTCD": [63001.99, 1783411549.1972065], "KXETHD": [1773.1, 1783410656.9470284], "KXXRPD": [1.1222, 1783402010.4961133]}