{"KXSOLD": [80.83, 1783399296.871475], "KXBTCD": [63049.66, 1783400754.076768], "KXETHD": [1760.83, 1783401115.3623414], "KXXRPD": [1.1222, 1783402010.4961133]}