{"KXSOLD": [80.83, 1783399296.871475], "KXBTCD": [63049.66, 1783400754.076768], "KXETHD": [1778.78, 1783393554.7267125], "KXXRPD": [1.1244, 1783400754.4447858]}