{"KXSOLD": [77.23, 1783529425.0062275], "KXBTCD": [61974.79, 1783530330.9512756], "KXETHD": [1724.07, 1783523131.5188754], "KXXRPD": [1.0749, 1783526732.8149068]}