{"KXSOLD": [81.46, 1783436752.560343], "KXBTCD": [63380.0, 1783436751.2249172], "KXETHD": [1782.48, 1783436752.0146732], "KXXRPD": [1.1256, 1783438005.7483187]}