{"KXSOLD": [80.62, 1783469513.290728], "KXBTCD": [63422.84, 1783469150.017464], "KXETHD": [1777.18, 1783465911.8397732], "KXXRPD": [1.1122, 1783469150.6283698]}