{"KXSOLD": [76.69, 1783522225.1004353], "KXBTCD": [61748.03, 1783523130.8628924], "KXETHD": [1724.07, 1783523131.5188754], "KXXRPD": [1.0832, 1783518097.7341502]}