{"KXSOLD": [80.61, 1783461948.2661865], "KXBTCD": [63284.32, 1783461948.8649135], "KXETHD": [1775.4, 1783463734.9474099], "KXXRPD": [1.1156, 1783462837.0772073]}