{"KXSOLD": [77.3, 1783518096.7569768], "KXBTCD": [61945.39, 1783519530.9700208], "KXETHD": [1736.34, 1783519531.5466664], "KXXRPD": [1.0832, 1783518097.7341502]}