{"KXSOLD": [81.61, 1783361155.6966915], "KXBTCD": [63651.85, 1783361154.704295], "KXETHD": [1798.55, 1783358811.2634213], "KXXRPD": [1.1464, 1783361155.197536]}