{"KXSOLD": [82.33, 1783447549.2076476], "KXBTCD": [63692.81, 1783451148.9935567], "KXETHD": [1785.9, 1783451149.5448353], "KXXRPD": [1.1288, 1783444311.3782475]}