{"KXSOLD": [80.52, 1783350355.362503], "KXBTCD": [63381.99, 1783353954.8905468], "KXETHD": [1784.86, 1783353955.4381096], "KXXRPD": [1.1097, 1783343156.118763]}