{"KXSOLD": [81.61, 1783361155.6966915], "KXBTCD": [63645.13, 1783364756.420697], "KXETHD": [1798.55, 1783358811.2634213], "KXXRPD": [1.1457, 1783364755.8851063]}