{"KXSOLD": [80.86, 1783464659.204803], "KXBTCD": [63422.84, 1783469150.017464], "KXETHD": [1777.18, 1783465911.8397732], "KXXRPD": [1.1122, 1783469150.6283698]}