{"KXSOLD": [76.67, 1783523507.1735022], "KXBTCD": [61734.5, 1783526731.8720837], "KXETHD": [1724.07, 1783523131.5188754], "KXXRPD": [1.0749, 1783526732.8149068]}