{"KXSOLD": [79.56, 1783339554.7995024], "KXBTCD": [61860.95, 1783339555.2971046], "KXETHD": [1744.65, 1783339915.9922502], "KXXRPD": [1.1271, 1783339916.486926]}