{"KXSOLD": [81.22, 1783406132.716046], "KXBTCD": [63020.15, 1783404348.245088], "KXETHD": [1773.73, 1783406494.8208098], "KXXRPD": [1.1222, 1783402010.4961133]}