{"KXSOLD": [81.72, 1783390847.9084082], "KXBTCD": [63831.99, 1783389953.0428002], "KXETHD": [1783.22, 1783391211.0956833], "KXXRPD": [1.1363, 1783391211.6245313]}