{"KXSOLD": [80.52, 1783350355.362503], "KXBTCD": [62225.66, 1783350354.7083719], "KXETHD": [1756.4, 1783350355.853409], "KXXRPD": [1.1097, 1783343156.118763]}