{"KXSOLD": [80.09, 1783346756.047343], "KXBTCD": [61758.24, 1783346755.5364604], "KXETHD": [1742.11, 1783346754.9968882], "KXXRPD": [1.1097, 1783343156.118763]}