{"KXSOLD": [81.43, 1783411912.8078544], "KXBTCD": [63112.04, 1783422352.8464305], "KXETHD": [1781.3, 1783418752.6082082], "KXXRPD": [1.1222, 1783402010.4961133]}