{"KXSOLD": [77.73, 1783572089.7965634], "KXBTCD": [61992.27, 1783569930.65261], "KXETHD": [1730.89, 1783569931.3147507], "KXXRPD": [1.0839, 1783567240.7409556]}