{"KXSOLD": [77.25, 1783549587.1538088], "KXBTCD": [62215.55, 1783548336.100404], "KXETHD": [1739.22, 1783548336.932071], "KXXRPD": [1.0887, 1783539348.9563656]}