{"KXSOLD": [79.56, 1783339554.7995024], "KXBTCD": [61860.95, 1783339555.2971046], "KXETHD": [1737.51, 1783339555.8022144]}