{"KXSOLD": [77.11, 1783543825.2533934], "KXBTCD": [62189.42, 1783539690.8980644], "KXETHD": [1737.4, 1783539348.051718], "KXXRPD": [1.0887, 1783539348.9563656]}