{"KXSOLD": [80.86, 1783464659.204803], "KXBTCD": [63284.32, 1783461948.8649135], "KXETHD": [1775.4, 1783463734.9474099], "KXXRPD": [1.1162, 1783464094.0264058]}