{"KXSOLD": [81.33, 1783452934.5988321], "KXBTCD": [63807.89, 1783458350.2944398], "KXETHD": [1784.85, 1783456893.3906808], "KXXRPD": [1.1159, 1783452405.707419]}