{"ts": 1783769189.5794475, "regime": "calm", "rv": 0.01859}