{"ts": 1784208745.6526785, "regime": "calm", "rv": 0.02575}