{"ts": 1784214691.691765, "regime": "calm", "rv": 0.02487}