{"ts": 1783645692.1953485, "regime": "calm", "rv": 0.02433}