{"ts": 1784817165.0599701, "regime": "calm", "rv": 0.02176}