{"ts": 1784006255.8260193, "regime": "calm", "rv": 0.02204}