{"ts": 1783677771.3544233, "regime": "calm", "rv": 0.02425}