{"ts": 1783884965.4159718, "regime": "calm", "rv": 0.01898}