{"ts": 1783798723.8882482, "regime": "calm", "rv": 0.01553}