{"ts": 1783657970.4598753, "regime": "calm", "rv": 0.02455}