{"ts": 1783843221.76138, "regime": "calm", "rv": 0.01936}