{"ts": 1784843785.2124374, "regime": "calm", "rv": 0.02094}