{"ts": 1783905833.0498364, "regime": "calm", "rv": 0.02268}