{"ts": 1784196531.4310327, "regime": "elevated", "rv": 0.02944}