{"ts": 1784298201.9519699, "regime": "calm", "rv": 0.02311}