{"ts": 1784281638.8019636, "regime": "calm", "rv": 0.02272}