{"ts": 1783879222.778501, "regime": "calm", "rv": 0.01879}