{"ts": 1783735332.8546815, "regime": "calm", "rv": 0.01978}