{"ts": 1784327747.013587, "regime": "calm", "rv": 0.02409}