{"ts": 1784252869.4268844, "regime": "calm", "rv": 0.02472}