{"ts": 1784816438.7238927, "regime": "calm", "rv": 0.02186}