{"ts": 1783759849.2209654, "regime": "calm", "rv": 0.01888}