{"ts": 1784219029.2698138, "regime": "calm", "rv": 0.02537}