{"ts": 1784296039.0715427, "regime": "calm", "rv": 0.02274}