{"ts": 1783903670.1108882, "regime": "calm", "rv": 0.02252}