{"ts": 1783945055.8967338, "regime": "elevated", "rv": 0.02777}