{"ts": 1784011281.3734765, "regime": "calm", "rv": 0.02181}