{"ts": 1783682776.741979, "regime": "calm", "rv": 0.02395}