{"ts": 1783649292.0929477, "regime": "calm", "rv": 0.02548}