{"ts": 1783935052.7029574, "regime": "elevated", "rv": 0.02765}