{"ts": 1784306147.215009, "regime": "calm", "rv": 0.02305}