{"ts": 1783861898.0596068, "regime": "calm", "rv": 0.01991}