{"ts": 1783832532.9427037, "regime": "calm", "rv": 0.01858}