{"ts": 1783818930.0791447, "regime": "calm", "rv": 0.01835}