{"ts": 1783751923.8811686, "regime": "calm", "rv": 0.01947}