{"ts": 1783925608.1918013, "regime": "calm", "rv": 0.02726}