{"ts": 1783748292.8398623, "regime": "calm", "rv": 0.01939}