{"ts": 1784220469.0555785, "regime": "calm", "rv": 0.02485}