{"ts": 1783890698.2140338, "regime": "calm", "rv": 0.01929}