{"ts": 1784268679.8912556, "regime": "calm", "rv": 0.02611}