{"ts": 1783780723.8638947, "regime": "calm", "rv": 0.01672}