{"ts": 1783687843.2728577, "regime": "calm", "rv": 0.02357}