{"ts": 1783746953.6625128, "regime": "calm", "rv": 0.01961}