{"ts": 1784317638.9974067, "regime": "calm", "rv": 0.02403}