{"ts": 1783915713.2838185, "regime": "calm", "rv": 0.02719}