{"ts": 1784216869.9627824, "regime": "calm", "rv": 0.02566}