{"ts": 1784832347.4312444, "regime": "calm", "rv": 0.02052}