{"ts": 1783910112.9995344, "regime": "calm", "rv": 0.02348}