{"ts": 1784213433.6373532, "regime": "calm", "rv": 0.02476}