{"ts": 1783706533.0929153, "regime": "calm", "rv": 0.02306}