{"ts": 1783693576.3611264, "regime": "calm", "rv": 0.02322}