{"ts": 1783732553.044677, "regime": "calm", "rv": 0.02194}