{"ts": 1783862632.9765084, "regime": "calm", "rv": 0.01992}