{"ts": 1783843898.906971, "regime": "calm", "rv": 0.01946}