{"ts": 1783811730.8043287, "regime": "calm", "rv": 0.01599}