{"ts": 1783912113.276206, "regime": "calm", "rv": 0.02446}