{"ts": 1784002655.634208, "regime": "calm", "rv": 0.02232}