{"ts": 1783736152.9284565, "regime": "calm", "rv": 0.01973}