{"ts": 1783894297.9533217, "regime": "calm", "rv": 0.02047}