{"ts": 1784229829.0339181, "regime": "calm", "rv": 0.02448}