{"ts": 1783731733.205994, "regime": "calm", "rv": 0.02225}