{"ts": 1783667119.3463314, "regime": "calm", "rv": 0.02414}