{"ts": 1783719492.9564936, "regime": "calm", "rv": 0.02307}