{"ts": 1783677044.4913466, "regime": "calm", "rv": 0.02425}