{"ts": 1784299641.261349, "regime": "calm", "rv": 0.02346}