{"ts": 1784817947.040127, "regime": "calm", "rv": 0.02196}