{"ts": 1784021437.649301, "regime": "calm", "rv": 0.02162}