{"ts": 1783690724.271118, "regime": "calm", "rv": 0.02309}