{"ts": 1783758389.5022335, "regime": "calm", "rv": 0.01896}