{"ts": 1784218292.181568, "regime": "calm", "rv": 0.02547}