{"ts": 1784276601.9135048, "regime": "calm", "rv": 0.02262}