{"ts": 1784807784.5615098, "regime": "calm", "rv": 0.02126}