{"ts": 1783639243.1112568, "regime": "calm", "rv": 0.02641}