{"ts": 1783682146.4624195, "regime": "calm", "rv": 0.02394}