{"ts": 1784231269.1104736, "regime": "calm", "rv": 0.02447}