{"ts": 1784230532.0377662, "regime": "calm", "rv": 0.02447}