{"ts": 1783710952.8032076, "regime": "calm", "rv": 0.02305}