{"ts": 1784811384.6292083, "regime": "calm", "rv": 0.02185}