{"ts": 1783729573.689009, "regime": "calm", "rv": 0.02252}