{"ts": 1784205914.2353802, "regime": "calm", "rv": 0.02651}