{"ts": 1783945852.7089574, "regime": "elevated", "rv": 0.02781}