{"ts": 1783759123.9480557, "regime": "calm", "rv": 0.01894}