{"ts": 1784851696.1759408, "regime": "calm", "rv": 0.02035}