{"ts": 1783888551.3015575, "regime": "calm", "rv": 0.01906}