{"ts": 1784219731.8753436, "regime": "calm", "rv": 0.02484}