{"ts": 1783655779.3140256, "regime": "calm", "rv": 0.02483}