{"ts": 1783897898.3425062, "regime": "calm", "rv": 0.02018}