{"ts": 1783713732.973628, "regime": "calm", "rv": 0.02308}