{"ts": 1784798439.5735302, "regime": "calm", "rv": 0.02177}