{"ts": 1783835450.2023973, "regime": "calm", "rv": 0.01876}