{"ts": 1783885678.7264402, "regime": "calm", "rv": 0.01898}