{"ts": 1784831565.0706272, "regime": "calm", "rv": 0.02054}