{"ts": 1783922207.7555766, "regime": "calm", "rv": 0.02719}