{"ts": 1783793729.9787362, "regime": "calm", "rv": 0.01586}