{"ts": 1783809524.444898, "regime": "calm", "rv": 0.01551}