{"ts": 1783670571.249653, "regime": "calm", "rv": 0.02408}