{"ts": 1783738248.9968653, "regime": "calm", "rv": 0.01977}