{"ts": 1783756932.9737942, "regime": "calm", "rv": 0.01939}