{"ts": 1784242822.2992704, "regime": "calm", "rv": 0.02455}