{"ts": 1783882080.0802426, "regime": "calm", "rv": 0.01892}