{"ts": 1784312601.9788399, "regime": "calm", "rv": 0.02369}