{"ts": 1784827965.0715034, "regime": "calm", "rv": 0.02079}