{"ts": 1784847385.5775678, "regime": "calm", "rv": 0.02102}