{"ts": 1783911409.269155, "regime": "calm", "rv": 0.02352}