{"ts": 1783908698.400191, "regime": "calm", "rv": 0.02331}