{"ts": 1784326280.2135344, "regime": "calm", "rv": 0.02422}