{"ts": 1784830095.725713, "regime": "calm", "rv": 0.02088}