{"ts": 1784227668.8943698, "regime": "calm", "rv": 0.02468}