{"ts": 1783702255.5145853, "regime": "calm", "rv": 0.02343}