{"ts": 1783870551.291984, "regime": "calm", "rv": 0.01929}