{"ts": 1784215429.19878, "regime": "calm", "rv": 0.02501}