{"ts": 1784311221.9652462, "regime": "calm", "rv": 0.02362}