{"ts": 1783766324.2145956, "regime": "calm", "rv": 0.01868}