{"ts": 1783792249.2357824, "regime": "calm", "rv": 0.01594}