{"ts": 1783760532.8869061, "regime": "calm", "rv": 0.01894}