{"ts": 1783802323.9035459, "regime": "calm", "rv": 0.01538}