{"ts": 1784318422.0583436, "regime": "calm", "rv": 0.02408}