{"ts": 1784822184.8655217, "regime": "calm", "rv": 0.02241}