{"ts": 1784789271.5469453, "regime": "calm", "rv": 0.02194}