{"ts": 1784019215.7095656, "regime": "calm", "rv": 0.02163}