{"ts": 1784005534.4050047, "regime": "calm", "rv": 0.02195}