{"ts": 1784234869.504506, "regime": "calm", "rv": 0.02447}