{"ts": 1784027833.7130616, "regime": "calm", "rv": 0.02155}