{"ts": 1784265829.3047993, "regime": "calm", "rv": 0.02562}