{"ts": 1783660837.4088666, "regime": "calm", "rv": 0.02436}