{"ts": 1784328439.1165428, "regime": "calm", "rv": 0.02406}