{"ts": 1784260069.23512, "regime": "calm", "rv": 0.02556}