{"ts": 1783778532.8480227, "regime": "calm", "rv": 0.01743}