{"ts": 1783687123.9144995, "regime": "calm", "rv": 0.02359}