{"ts": 1783652179.7767255, "regime": "calm", "rv": 0.02511}