{"ts": 1783710133.0426009, "regime": "calm", "rv": 0.02302}