{"ts": 1783772789.2484143, "regime": "calm", "rv": 0.01849}