{"ts": 1783785733.4037452, "regime": "calm", "rv": 0.01622}