{"ts": 1784015615.6925883, "regime": "calm", "rv": 0.02147}