{"ts": 1784208034.1943412, "regime": "calm", "rv": 0.02577}