{"ts": 1783646440.2597475, "regime": "calm", "rv": 0.02461}