{"ts": 1783796533.347912, "regime": "calm", "rv": 0.01561}