{"ts": 1784791423.8304484, "regime": "calm", "rv": 0.02205}