{"ts": 1783764133.2700698, "regime": "calm", "rv": 0.01892}