{"ts": 1783662354.0809128, "regime": "calm", "rv": 0.02435}