{"ts": 1784320546.8278065, "regime": "calm", "rv": 0.02411}