{"ts": 1783669843.500691, "regime": "calm", "rv": 0.02409}