{"ts": 1783756249.25746, "regime": "calm", "rv": 0.01942}