{"ts": 1783782133.159032, "regime": "calm", "rv": 0.01528}