{"ts": 1783922921.01893, "regime": "calm", "rv": 0.02719}