{"ts": 1784030015.6653333, "regime": "calm", "rv": 0.02148}