{"ts": 1783785049.081661, "regime": "calm", "rv": 0.01614}