{"ts": 1784207293.257751, "regime": "calm", "rv": 0.02578}