{"ts": 1783795849.3350656, "regime": "calm", "rv": 0.01564}