{"ts": 1784251429.1265945, "regime": "calm", "rv": 0.02463}