{"ts": 1784292438.72559, "regime": "calm", "rv": 0.02183}