{"ts": 1784794839.146229, "regime": "calm", "rv": 0.02173}