{"ts": 1784288838.8872492, "regime": "calm", "rv": 0.02234}