{"ts": 1783689976.5620093, "regime": "calm", "rv": 0.02336}