{"ts": 1783893622.0293403, "regime": "calm", "rv": 0.02004}