{"ts": 1784833695.8455148, "regime": "calm", "rv": 0.02048}