{"ts": 1784016335.3253806, "regime": "calm", "rv": 0.02145}