{"ts": 1784803546.819196, "regime": "calm", "rv": 0.02161}