{"ts": 1783774933.3793454, "regime": "calm", "rv": 0.01843}