{"ts": 1783884233.4492393, "regime": "calm", "rv": 0.01894}