{"ts": 1783860469.8005452, "regime": "calm", "rv": 0.01976}