{"ts": 1783634239.9772298, "regime": "calm", "rv": 0.02637}