{"ts": 1783642092.2913275, "regime": "calm", "rv": 0.02648}