{"ts": 1783787189.3543339, "regime": "calm", "rv": 0.01636}