{"ts": 1783792933.1182604, "regime": "calm", "rv": 0.01586}