{"ts": 1783857621.6448507, "regime": "calm", "rv": 0.01967}