{"ts": 1783786530.38079, "regime": "calm", "rv": 0.01632}