{"ts": 1783866950.944682, "regime": "calm", "rv": 0.01977}