{"ts": 1783671976.4139872, "regime": "calm", "rv": 0.02431}