{"ts": 1783679176.344207, "regime": "calm", "rv": 0.02449}