{"ts": 1784309002.3934739, "regime": "calm", "rv": 0.02374}