{"ts": 1783715893.3629587, "regime": "calm", "rv": 0.02309}