{"ts": 1783828249.6253123, "regime": "calm", "rv": 0.01834}