{"ts": 1783784323.7085848, "regime": "calm", "rv": 0.01616}