{"ts": 1783831124.2815228, "regime": "calm", "rv": 0.01854}