{"ts": 1783801589.1350617, "regime": "calm", "rv": 0.01539}