{"ts": 1783856870.05278, "regime": "calm", "rv": 0.01971}