{"ts": 1784825146.7926786, "regime": "calm", "rv": 0.02112}