{"ts": 1784814985.2130587, "regime": "calm", "rv": 0.02204}