{"ts": 1784316947.1255748, "regime": "calm", "rv": 0.02403}