{"ts": 1784824364.8851492, "regime": "calm", "rv": 0.02123}