{"ts": 1783711573.0327103, "regime": "calm", "rv": 0.02302}