{"ts": 1783900070.162743, "regime": "calm", "rv": 0.01915}