{"ts": 1784814346.7751849, "regime": "calm", "rv": 0.02186}