{"ts": 1783667745.990273, "regime": "calm", "rv": 0.02412}