{"ts": 1783658754.4017372, "regime": "calm", "rv": 0.02456}