{"ts": 1784024233.683418, "regime": "calm", "rv": 0.02146}