{"ts": 1783660133.4084532, "regime": "calm", "rv": 0.02446}