{"ts": 1783733892.8347583, "regime": "calm", "rv": 0.02189}