{"ts": 1783846069.9230468, "regime": "calm", "rv": 0.01947}