{"ts": 1783709448.8298364, "regime": "calm", "rv": 0.02295}