{"ts": 1784280946.6633024, "regime": "calm", "rv": 0.02265}