{"ts": 1784290281.0974653, "regime": "calm", "rv": 0.02229}