{"ts": 1783813124.2065876, "regime": "calm", "rv": 0.01698}