{"ts": 1784239892.1255918, "regime": "calm", "rv": 0.02448}