{"ts": 1783725353.0624928, "regime": "calm", "rv": 0.02278}