{"ts": 1784840895.7783923, "regime": "calm", "rv": 0.02107}