{"ts": 1784812839.0334349, "regime": "calm", "rv": 0.02191}