{"ts": 1783879910.4811707, "regime": "calm", "rv": 0.01878}