{"ts": 1784286680.3581853, "regime": "calm", "rv": 0.02266}