{"ts": 1784308279.8409202, "regime": "calm", "rv": 0.02362}