{"ts": 1783837578.4245365, "regime": "calm", "rv": 0.01901}