{"ts": 1783845351.1150699, "regime": "calm", "rv": 0.01949}