{"ts": 1783700155.4766622, "regime": "calm", "rv": 0.02328}