{"ts": 1783699534.5345082, "regime": "calm", "rv": 0.02325}