{"ts": 1783771332.884057, "regime": "calm", "rv": 0.01845}