{"ts": 1783855433.217777, "regime": "calm", "rv": 0.01962}