{"ts": 1784797695.7923717, "regime": "calm", "rv": 0.02178}