{"ts": 1783782930.1652975, "regime": "calm", "rv": 0.01513}