{"ts": 1784321238.9735446, "regime": "calm", "rv": 0.02415}