{"ts": 1783679924.0807028, "regime": "calm", "rv": 0.02453}