{"ts": 1784848096.0177739, "regime": "calm", "rv": 0.02028}