{"ts": 1784232691.9429207, "regime": "calm", "rv": 0.02444}