{"ts": 1784014881.3455987, "regime": "calm", "rv": 0.02146}