{"ts": 1783734649.4916332, "regime": "calm", "rv": 0.01978}