{"ts": 1783872021.8767283, "regime": "calm", "rv": 0.01906}