{"ts": 1783668376.6681986, "regime": "calm", "rv": 0.02409}