{"ts": 1783874869.8648477, "regime": "calm", "rv": 0.01879}