{"ts": 1783648579.6703334, "regime": "calm", "rv": 0.02566}