{"ts": 1784794095.7492545, "regime": "calm", "rv": 0.02166}