{"ts": 1784262229.0887487, "regime": "calm", "rv": 0.02555}