{"ts": 1783675576.2515807, "regime": "calm", "rv": 0.02444}