{"ts": 1783827524.2754242, "regime": "calm", "rv": 0.01832}