{"ts": 1783747572.951071, "regime": "calm", "rv": 0.01945}