{"ts": 1784237732.3705745, "regime": "calm", "rv": 0.02447}