{"ts": 1784505398.1439462, "regime": "calm", "rv": 0.01633}