{"ts": 1783902233.8686411, "regime": "calm", "rv": 0.02085}