{"ts": 1783743973.127285, "regime": "calm", "rv": 0.01951}