{"ts": 1783691443.1873078, "regime": "calm", "rv": 0.02293}