{"ts": 1783761989.4665296, "regime": "calm", "rv": 0.01878}