{"ts": 1783854698.4883595, "regime": "calm", "rv": 0.01952}