{"ts": 1783768530.1523247, "regime": "calm", "rv": 0.01865}