{"ts": 1784835164.9532425, "regime": "calm", "rv": 0.02063}