{"ts": 1784828746.6870723, "regime": "calm", "rv": 0.02067}