{"ts": 1783805924.5603788, "regime": "calm", "rv": 0.01522}