{"ts": 1783705849.4284737, "regime": "calm", "rv": 0.02317}