{"ts": 1783727449.2615182, "regime": "calm", "rv": 0.02268}