{"ts": 1783672724.3363533, "regime": "calm", "rv": 0.02431}