{"ts": 1784263668.8372586, "regime": "calm", "rv": 0.02572}