{"ts": 1783871270.1057377, "regime": "calm", "rv": 0.01914}