{"ts": 1784019935.3269086, "regime": "calm", "rv": 0.02164}