{"ts": 1783745449.1146054, "regime": "calm", "rv": 0.01954}