{"ts": 1783887104.9298902, "regime": "calm", "rv": 0.01906}