{"ts": 1784848839.0512865, "regime": "calm", "rv": 0.02022}