{"ts": 1783833330.0330093, "regime": "calm", "rv": 0.01857}