{"ts": 1784324839.3293638, "regime": "calm", "rv": 0.02425}