{"ts": 1784255732.0144281, "regime": "calm", "rv": 0.02555}