{"ts": 1784802038.5558093, "regime": "calm", "rv": 0.02169}