{"ts": 1784017837.9988194, "regime": "calm", "rv": 0.02167}