{"ts": 1784832984.8286576, "regime": "calm", "rv": 0.02053}