{"ts": 1783820324.520471, "regime": "calm", "rv": 0.01843}