{"ts": 1784017034.3315132, "regime": "calm", "rv": 0.02155}