{"ts": 1783718153.1463547, "regime": "calm", "rv": 0.02307}