{"ts": 1783813849.1059096, "regime": "calm", "rv": 0.01706}