{"ts": 1783868422.0328174, "regime": "calm", "rv": 0.02002}