{"ts": 1783942252.6811888, "regime": "elevated", "rv": 0.02777}