{"ts": 1783864822.008688, "regime": "calm", "rv": 0.01987}