{"ts": 1784822895.8969812, "regime": "calm", "rv": 0.02248}