{"ts": 1784270147.0842922, "regime": "calm", "rv": 0.02611}