{"ts": 1783642840.3345125, "regime": "calm", "rv": 0.02641}