{"ts": 1784020634.1352205, "regime": "calm", "rv": 0.02161}