{"ts": 1783875622.1322827, "regime": "calm", "rv": 0.01874}