{"ts": 1783764929.8851724, "regime": "calm", "rv": 0.01857}