{"ts": 1783752649.6567173, "regime": "calm", "rv": 0.01947}