{"ts": 1783940734.8253367, "regime": "elevated", "rv": 0.02775}