{"ts": 1783839622.7368264, "regime": "calm", "rv": 0.01926}