{"ts": 1784806365.0700297, "regime": "calm", "rv": 0.02161}