{"ts": 1783663710.046019, "regime": "calm", "rv": 0.02426}