{"ts": 1784216131.6180341, "regime": "calm", "rv": 0.02551}