{"ts": 1783794389.3067667, "regime": "calm", "rv": 0.01592}