{"ts": 1784253621.9120033, "regime": "calm", "rv": 0.02485}