{"ts": 1784311880.163606, "regime": "calm", "rv": 0.02358}