{"ts": 1783725973.3561304, "regime": "calm", "rv": 0.02275}