{"ts": 1783897222.03485, "regime": "calm", "rv": 0.02017}