{"ts": 1783776389.0545626, "regime": "calm", "rv": 0.01836}