{"ts": 1784804895.698986, "regime": "calm", "rv": 0.02165}