{"ts": 1783944334.5465815, "regime": "elevated", "rv": 0.02778}