{"ts": 1784279479.8376055, "regime": "calm", "rv": 0.02257}