{"ts": 1783742532.8560646, "regime": "calm", "rv": 0.01961}