{"ts": 1784206579.686666, "regime": "calm", "rv": 0.02602}