{"ts": 1783836137.9500334, "regime": "calm", "rv": 0.01876}