{"ts": 1783934255.7358632, "regime": "elevated", "rv": 0.02766}