{"ts": 1784325622.2454376, "regime": "calm", "rv": 0.02422}