{"ts": 1783702933.1329257, "regime": "calm", "rv": 0.02354}