{"ts": 1783807333.189916, "regime": "calm", "rv": 0.01517}