{"ts": 1784274439.9236212, "regime": "calm", "rv": 0.02595}