{"ts": 1783688571.3742402, "regime": "calm", "rv": 0.02338}