{"ts": 1783772136.1142852, "regime": "calm", "rv": 0.01853}