{"ts": 1784004073.292114, "regime": "calm", "rv": 0.02227}