{"ts": 1783883508.5879219, "regime": "calm", "rv": 0.01896}