{"ts": 1784801296.134607, "regime": "calm", "rv": 0.02173}