{"ts": 1783647159.0899928, "regime": "calm", "rv": 0.02458}