{"ts": 1784242069.3954723, "regime": "calm", "rv": 0.02456}