{"ts": 1784272280.327869, "regime": "calm", "rv": 0.02613}