{"ts": 1784003452.582302, "regime": "calm", "rv": 0.02229}