{"ts": 1784838038.8792331, "regime": "calm", "rv": 0.02108}