{"ts": 1783736773.2378047, "regime": "calm", "rv": 0.01978}