{"ts": 1783651513.9400206, "regime": "calm", "rv": 0.02514}