{"ts": 1783730292.9447105, "regime": "calm", "rv": 0.02249}