{"ts": 1783861222.2501438, "regime": "calm", "rv": 0.01977}