{"ts": 1784819295.9453733, "regime": "calm", "rv": 0.02198}