{"ts": 1784210179.989874, "regime": "calm", "rv": 0.02491}