{"ts": 1784807147.2341065, "regime": "calm", "rv": 0.02129}