{"ts": 1783891432.9003172, "regime": "calm", "rv": 0.01939}