{"ts": 1783754789.6539567, "regime": "calm", "rv": 0.01941}