{"ts": 1784327001.951103, "regime": "calm", "rv": 0.02416}