{"ts": 1783671345.9453952, "regime": "calm", "rv": 0.02409}