{"ts": 1784304680.081292, "regime": "calm", "rv": 0.02298}