{"ts": 1784269402.4860141, "regime": "calm", "rv": 0.02623}