{"ts": 1784303238.9249995, "regime": "calm", "rv": 0.02297}