{"ts": 1783850421.7620065, "regime": "calm", "rv": 0.01962}