{"ts": 1783797329.9784777, "regime": "calm", "rv": 0.01557}