{"ts": 1783774249.320756, "regime": "calm", "rv": 0.01842}