{"ts": 1784820038.6456425, "regime": "calm", "rv": 0.02225}