{"ts": 1784249269.5235264, "regime": "calm", "rv": 0.02471}