{"ts": 1784265092.0025055, "regime": "calm", "rv": 0.02568}