{"ts": 1784243508.9893463, "regime": "calm", "rv": 0.02458}