{"ts": 1784283801.7418664, "regime": "calm", "rv": 0.02278}