{"ts": 1783676323.9156673, "regime": "calm", "rv": 0.02432}