{"ts": 1784283079.8148267, "regime": "calm", "rv": 0.02278}