{"ts": 1784304022.443339, "regime": "calm", "rv": 0.02305}