{"ts": 1783907270.0510032, "regime": "calm", "rv": 0.02311}