{"ts": 1784211638.2957315, "regime": "calm", "rv": 0.02481}