{"ts": 1783836934.9032094, "regime": "calm", "rv": 0.01902}