{"ts": 1783896470.009133, "regime": "calm", "rv": 0.02047}