{"ts": 1783892151.1935081, "regime": "calm", "rv": 0.01949}