{"ts": 1783833989.235723, "regime": "calm", "rv": 0.01876}