{"ts": 1783872698.4145012, "regime": "calm", "rv": 0.01896}