{"ts": 1784028637.6390991, "regime": "calm", "rv": 0.02155}