{"ts": 1783816723.938258, "regime": "calm", "rv": 0.01816}