{"ts": 1783869832.949052, "regime": "calm", "rv": 0.01986}