{"ts": 1783932808.0001445, "regime": "elevated", "rv": 0.02773}