{"ts": 1783755524.407538, "regime": "calm", "rv": 0.01938}