{"ts": 1784261492.1319878, "regime": "calm", "rv": 0.02547}