{"ts": 1784790704.0548177, "regime": "calm", "rv": 0.02212}