{"ts": 1784001334.647017, "regime": "calm", "rv": 0.02231}