{"ts": 1783877032.9420743, "regime": "calm", "rv": 0.01868}