{"ts": 1783692945.8454645, "regime": "calm", "rv": 0.02301}