{"ts": 1784792134.5116556, "regime": "calm", "rv": 0.02193}