{"ts": 1783895751.292027, "regime": "calm", "rv": 0.02048}