{"ts": 1784307621.8806758, "regime": "calm", "rv": 0.02307}