{"ts": 1784244229.938867, "regime": "calm", "rv": 0.02476}