{"ts": 1784840185.127104, "regime": "calm", "rv": 0.02108}