{"ts": 1784228421.8858142, "regime": "calm", "rv": 0.02458}