{"ts": 1783886422.7022314, "regime": "calm", "rv": 0.01904}