{"ts": 1784796347.068741, "regime": "calm", "rv": 0.02177}