{"ts": 1784844495.8641262, "regime": "calm", "rv": 0.02097}