{"ts": 1783821733.6884398, "regime": "calm", "rv": 0.01832}