{"ts": 1784225491.9936604, "regime": "calm", "rv": 0.02481}