{"ts": 1784287401.9056554, "regime": "calm", "rv": 0.02242}