{"ts": 1783842469.9003663, "regime": "calm", "rv": 0.01936}