{"ts": 1784313347.0251038, "regime": "calm", "rv": 0.02367}