{"ts": 1783779989.0920036, "regime": "calm", "rv": 0.01665}