{"ts": 1783892870.4036765, "regime": "calm", "rv": 0.01952}