{"ts": 1783661569.8558693, "regime": "calm", "rv": 0.02436}