{"ts": 1784291746.8209293, "regime": "calm", "rv": 0.02178}