{"ts": 1784275222.2234018, "regime": "calm", "rv": 0.02586}