{"ts": 1784821546.8153927, "regime": "calm", "rv": 0.02229}