{"ts": 1783770649.508523, "regime": "calm", "rv": 0.01852}