{"ts": 1783683524.4946587, "regime": "calm", "rv": 0.02397}