{"ts": 1783720933.3577933, "regime": "calm", "rv": 0.02307}