{"ts": 1784233429.0438693, "regime": "calm", "rv": 0.02446}