{"ts": 1784837295.7824652, "regime": "calm", "rv": 0.02105}