{"ts": 1784004807.6856427, "regime": "calm", "rv": 0.02223}