{"ts": 1783722373.2669928, "regime": "calm", "rv": 0.02303}