{"ts": 1784252132.008259, "regime": "calm", "rv": 0.02472}