{"ts": 1783898633.0929875, "regime": "calm", "rv": 0.01941}