{"ts": 1783931452.9156055, "regime": "elevated", "rv": 0.02767}