{"ts": 1784271621.9411821, "regime": "calm", "rv": 0.02614}