{"ts": 1783812388.870192, "regime": "calm", "rv": 0.01695}