{"ts": 1783803733.1560829, "regime": "calm", "rv": 0.01522}