{"ts": 1784818584.473946, "regime": "calm", "rv": 0.02193}