{"ts": 1783783589.0940514, "regime": "calm", "rv": 0.01539}