{"ts": 1784796984.654058, "regime": "calm", "rv": 0.02175}