{"ts": 1784260822.2340374, "regime": "calm", "rv": 0.02558}