{"ts": 1783787924.0923448, "regime": "calm", "rv": 0.01625}