{"ts": 1784238469.5543244, "regime": "calm", "rv": 0.02447}