{"ts": 1783673443.1614497, "regime": "calm", "rv": 0.02427}