{"ts": 1783652891.9176695, "regime": "calm", "rv": 0.02521}