{"ts": 1783877761.9858837, "regime": "calm", "rv": 0.01867}