{"ts": 1783678546.1722984, "regime": "calm", "rv": 0.02423}