{"ts": 1784255028.8463101, "regime": "calm", "rv": 0.02552}