{"ts": 1783834723.8849595, "regime": "calm", "rv": 0.01878}