{"ts": 1784247829.2312865, "regime": "calm", "rv": 0.02449}