{"ts": 1783848232.9307039, "regime": "calm", "rv": 0.01955}