{"ts": 1784240628.8601005, "regime": "calm", "rv": 0.02448}