{"ts": 1784846746.832075, "regime": "calm", "rv": 0.02107}