{"ts": 1784314038.8252206, "regime": "calm", "rv": 0.02375}