{"ts": 1784257892.3144312, "regime": "calm", "rv": 0.02564}