{"ts": 1783874151.3414235, "regime": "calm", "rv": 0.01876}