{"ts": 1784289621.9152648, "regime": "calm", "rv": 0.02228}