{"ts": 1783918607.6775873, "regime": "calm", "rv": 0.02721}