{"ts": 1783873433.1413693, "regime": "calm", "rv": 0.01898}