{"ts": 1784266532.0210145, "regime": "calm", "rv": 0.02592}