{"ts": 1784018481.6897378, "regime": "calm", "rv": 0.02157}