{"ts": 1783777849.5533786, "regime": "calm", "rv": 0.01822}