{"ts": 1784800584.726431, "regime": "calm", "rv": 0.02171}