{"ts": 1783823924.045061, "regime": "calm", "rv": 0.01833}