{"ts": 1783824649.3451931, "regime": "calm", "rv": 0.01831}