{"ts": 1784029281.4577055, "regime": "calm", "rv": 0.02154}