{"ts": 1784319080.03879, "regime": "calm", "rv": 0.02412}