{"ts": 1783753332.9752176, "regime": "calm", "rv": 0.01946}