{"ts": 1784293221.8526626, "regime": "calm", "rv": 0.02186}