{"ts": 1783916454.3363667, "regime": "calm", "rv": 0.02721}