{"ts": 1784845964.989749, "regime": "calm", "rv": 0.02109}