{"ts": 1784268021.8516035, "regime": "calm", "rv": 0.02607}