{"ts": 1783920766.3186207, "regime": "elevated", "rv": 0.02739}