{"ts": 1784239221.8917284, "regime": "calm", "rv": 0.02448}