{"ts": 1784838765.0754309, "regime": "calm", "rv": 0.02108}