{"ts": 1783830389.4071045, "regime": "calm", "rv": 0.01839}