{"ts": 1783909433.689863, "regime": "calm", "rv": 0.02335}