{"ts": 1783721753.0786755, "regime": "calm", "rv": 0.02306}