{"ts": 1783684970.95384, "regime": "calm", "rv": 0.02394}