{"ts": 1784246423.0805829, "regime": "calm", "rv": 0.02464}