{"ts": 1783644979.1885197, "regime": "calm", "rv": 0.02662}