{"ts": 1783767049.6558218, "regime": "calm", "rv": 0.01869}