{"ts": 1783686375.901458, "regime": "calm", "rv": 0.02402}