{"ts": 1784310439.2647674, "regime": "calm", "rv": 0.02357}