{"ts": 1784850984.988093, "regime": "calm", "rv": 0.02034}