{"ts": 1784300422.1358514, "regime": "calm", "rv": 0.02336}