{"ts": 1784012015.7106004, "regime": "calm", "rv": 0.02184}