{"ts": 1784232022.213492, "regime": "calm", "rv": 0.02449}