{"ts": 1783664413.0786464, "regime": "calm", "rv": 0.02422}