{"ts": 1783865498.1500356, "regime": "calm", "rv": 0.01983}