{"ts": 1783707353.747953, "regime": "calm", "rv": 0.02295}