{"ts": 1784314821.932252, "regime": "calm", "rv": 0.02383}