{"ts": 1784845239.1349897, "regime": "calm", "rv": 0.02107}