{"ts": 1783938652.7843072, "regime": "elevated", "rv": 0.02771}