{"ts": 1783912853.9800453, "regime": "calm", "rv": 0.02478}