{"ts": 1783800132.9916582, "regime": "calm", "rv": 0.01544}