{"ts": 1783653640.1805406, "regime": "calm", "rv": 0.02498}