{"ts": 1783844632.8615952, "regime": "calm", "rv": 0.01947}