{"ts": 1784297479.6794488, "regime": "calm", "rv": 0.02337}