{"ts": 1783924254.2282891, "regime": "calm", "rv": 0.02721}