{"ts": 1783741849.3444436, "regime": "calm", "rv": 0.01958}