{"ts": 1783847498.334006, "regime": "calm", "rv": 0.01945}