{"ts": 1783669123.9250047, "regime": "calm", "rv": 0.02411}