{"ts": 1783757730.4113212, "regime": "calm", "rv": 0.01896}