{"ts": 1783650040.6867788, "regime": "calm", "rv": 0.02549}