{"ts": 1783733173.7020047, "regime": "calm", "rv": 0.02193}