{"ts": 1783838320.3249228, "regime": "calm", "rv": 0.01925}