{"ts": 1783712293.7542453, "regime": "calm", "rv": 0.02307}