{"ts": 1784329221.9069812, "regime": "calm", "rv": 0.02404}