{"ts": 1784284546.967599, "regime": "calm", "rv": 0.02271}