{"ts": 1784830841.9166296, "regime": "calm", "rv": 0.02078}