{"ts": 1784257222.1853125, "regime": "calm", "rv": 0.02562}