{"ts": 1783882823.5298831, "regime": "calm", "rv": 0.01895}