{"ts": 1784221891.7432587, "regime": "calm", "rv": 0.02481}