{"ts": 1783851098.7965286, "regime": "calm", "rv": 0.01957}