{"ts": 1783723093.4677396, "regime": "calm", "rv": 0.02301}