{"ts": 1783738933.5500867, "regime": "calm", "rv": 0.01965}