{"ts": 1783815989.1252973, "regime": "calm", "rv": 0.01764}