{"ts": 1783915007.1719978, "regime": "calm", "rv": 0.02712}