{"ts": 1784835946.833861, "regime": "calm", "rv": 0.02071}