{"ts": 1784282422.0177586, "regime": "calm", "rv": 0.02276}