{"ts": 1784197234.0299037, "regime": "elevated", "rv": 0.02939}