{"ts": 1783692171.1154761, "regime": "calm", "rv": 0.02284}