{"ts": 1783705093.0003288, "regime": "calm", "rv": 0.02315}