{"ts": 1783707972.9910986, "regime": "calm", "rv": 0.02293}