{"ts": 1784812096.237189, "regime": "calm", "rv": 0.02186}