{"ts": 1783846822.381151, "regime": "calm", "rv": 0.01944}