{"ts": 1783829729.9305184, "regime": "calm", "rv": 0.01841}