{"ts": 1783906550.9933476, "regime": "calm", "rv": 0.02273}