{"ts": 1783876298.1453242, "regime": "calm", "rv": 0.01875}