{"ts": 1783926335.5614088, "regime": "calm", "rv": 0.02725}