{"ts": 1784330601.9482846, "regime": "calm", "rv": 0.02379}