{"ts": 1784799947.2675292, "regime": "calm", "rv": 0.02171}