{"ts": 1783819589.1261039, "regime": "calm", "rv": 0.01885}