{"ts": 1783737492.8336396, "regime": "calm", "rv": 0.01978}