{"ts": 1783744693.0993292, "regime": "calm", "rv": 0.01954}