{"ts": 1783815330.0998135, "regime": "calm", "rv": 0.01765}