{"ts": 1783867669.9576142, "regime": "calm", "rv": 0.01982}