{"ts": 1783810249.374392, "regime": "calm", "rv": 0.01561}