{"ts": 1784286022.2478204, "regime": "calm", "rv": 0.02268}