{"ts": 1784014237.6077583, "regime": "calm", "rv": 0.02149}