{"ts": 1783644313.4165802, "regime": "calm", "rv": 0.02664}