{"ts": 1783777124.2520542, "regime": "calm", "rv": 0.01839}