{"ts": 1783640713.137488, "regime": "calm", "rv": 0.02647}