{"ts": 1783790130.2763977, "regime": "calm", "rv": 0.01595}