{"ts": 1784852439.0287628, "regime": "calm", "rv": 0.02027}