{"ts": 1783754130.019382, "regime": "calm", "rv": 0.01944}