{"ts": 1783779329.8243158, "regime": "calm", "rv": 0.01665}