{"ts": 1783913566.0833561, "regime": "calm", "rv": 0.02497}