{"ts": 1784790022.543072, "regime": "calm", "rv": 0.02194}