{"ts": 1783841033.2883835, "regime": "calm", "rv": 0.01936}