{"ts": 1783859033.0722828, "regime": "calm", "rv": 0.01981}