{"ts": 1783750529.9590397, "regime": "calm", "rv": 0.01933}