{"ts": 1783665041.8482254, "regime": "calm", "rv": 0.02422}