{"ts": 1784802765.190714, "regime": "calm", "rv": 0.02171}