{"ts": 1784849564.9026825, "regime": "calm", "rv": 0.02022}