{"ts": 1783789333.0011327, "regime": "calm", "rv": 0.01596}