{"ts": 1784262932.2181387, "regime": "calm", "rv": 0.02563}