{"ts": 1784013433.5711944, "regime": "calm", "rv": 0.02148}