{"ts": 1784022815.6941874, "regime": "calm", "rv": 0.02172}