{"ts": 1784226229.2479873, "regime": "calm", "rv": 0.02485}