{"ts": 1784217622.296301, "regime": "calm", "rv": 0.02548}