{"ts": 1784007673.378786, "regime": "calm", "rv": 0.02193}