{"ts": 1783659375.7756608, "regime": "calm", "rv": 0.02453}