{"ts": 1784237028.838218, "regime": "calm", "rv": 0.02451}