{"ts": 1784860068.9403064, "regime": "calm", "rv": 0.02027}