{"ts": 1783858298.6450388, "regime": "calm", "rv": 0.01973}