{"ts": 1784236291.6102223, "regime": "calm", "rv": 0.02453}