{"ts": 1783904421.7400103, "regime": "calm", "rv": 0.02248}