{"ts": 1783743353.1807919, "regime": "calm", "rv": 0.01958}