{"ts": 1783823190.727481, "regime": "calm", "rv": 0.01831}