{"ts": 1784245668.9475646, "regime": "calm", "rv": 0.02472}