{"ts": 1784007052.6560729, "regime": "calm", "rv": 0.02191}