{"ts": 1784305402.3097997, "regime": "calm", "rv": 0.02322}