{"ts": 1784273747.0595088, "regime": "calm", "rv": 0.02598}