{"ts": 1783881353.4232285, "regime": "calm", "rv": 0.01884}