{"ts": 1784315479.7452679, "regime": "calm", "rv": 0.02394}