{"ts": 1784248532.199305, "regime": "calm", "rv": 0.02462}