{"ts": 1784834439.080148, "regime": "calm", "rv": 0.02057}