{"ts": 1784841638.8800004, "regime": "calm", "rv": 0.02116}