{"ts": 1783821049.351205, "regime": "calm", "rv": 0.01833}