{"ts": 1783656492.2960234, "regime": "calm", "rv": 0.02482}