{"ts": 1783708692.8435087, "regime": "calm", "rv": 0.02288}