{"ts": 1783849670.1884384, "regime": "calm", "rv": 0.01962}