{"ts": 1784224821.8184717, "regime": "calm", "rv": 0.02499}