{"ts": 1783790789.9436333, "regime": "calm", "rv": 0.01596}