{"ts": 1783853269.746114, "regime": "calm", "rv": 0.01947}