{"ts": 1784825784.7899113, "regime": "calm", "rv": 0.02104}