{"ts": 1783805189.355727, "regime": "calm", "rv": 0.01522}