{"ts": 1784843146.9523745, "regime": "calm", "rv": 0.02099}