{"ts": 1784209514.042486, "regime": "calm", "rv": 0.02501}