{"ts": 1784210893.248046, "regime": "calm", "rv": 0.02509}