{"ts": 1783839015.3837914, "regime": "calm", "rv": 0.01927}