{"ts": 1784278822.021913, "regime": "calm", "rv": 0.02257}