{"ts": 1783895032.8298578, "regime": "calm", "rv": 0.02045}