{"ts": 1784808496.021236, "regime": "calm", "rv": 0.02126}