{"ts": 1783840298.3089137, "regime": "calm", "rv": 0.01934}