{"ts": 1784829384.9352279, "regime": "calm", "rv": 0.02073}