{"ts": 1783878478.960257, "regime": "calm", "rv": 0.01867}