{"ts": 1784009135.7627835, "regime": "calm", "rv": 0.02183}