{"ts": 1783665708.4555702, "regime": "calm", "rv": 0.02421}