{"ts": 1783773524.2897022, "regime": "calm", "rv": 0.01839}