{"ts": 1783680643.825203, "regime": "calm", "rv": 0.02417}