{"ts": 1783751189.2845635, "regime": "calm", "rv": 0.01944}