{"ts": 1784270839.0295272, "regime": "calm", "rv": 0.02613}