{"ts": 1784324146.979041, "regime": "calm", "rv": 0.02425}