{"ts": 1783901498.6197262, "regime": "calm", "rv": 0.02104}