{"ts": 1783720249.425576, "regime": "calm", "rv": 0.02307}