{"ts": 1784235622.0772324, "regime": "calm", "rv": 0.02446}