{"ts": 1783818133.281012, "regime": "calm", "rv": 0.01842}