{"ts": 1783731049.580206, "regime": "calm", "rv": 0.02242}