{"ts": 1783814533.1486852, "regime": "calm", "rv": 0.01729}