{"ts": 1783825332.9581897, "regime": "calm", "rv": 0.01827}