{"ts": 1783924875.2331624, "regime": "calm", "rv": 0.02725}