{"ts": 1784316202.1119335, "regime": "calm", "rv": 0.02394}