{"ts": 1784001936.3851838, "regime": "calm", "rv": 0.02234}