{"ts": 1784026416.008411, "regime": "calm", "rv": 0.02162}