{"ts": 1783717333.1323225, "regime": "calm", "rv": 0.02308}