{"ts": 1784792747.3790941, "regime": "calm", "rv": 0.02189}