{"ts": 1784332040.3356202, "regime": "calm", "rv": 0.02377}