{"ts": 1784306838.7644444, "regime": "calm", "rv": 0.02322}