{"ts": 1784025037.5337088, "regime": "calm", "rv": 0.02148}