{"ts": 1783927852.814117, "regime": "elevated", "rv": 0.02762}