{"ts": 1784809965.1914973, "regime": "calm", "rv": 0.02129}