{"ts": 1783799449.3989718, "regime": "calm", "rv": 0.01552}