{"ts": 1784301080.2707682, "regime": "calm", "rv": 0.02328}