{"ts": 1783726693.0231194, "regime": "calm", "rv": 0.02274}