{"ts": 1783788649.453667, "regime": "calm", "rv": 0.01619}