{"ts": 1783822530.0275118, "regime": "calm", "rv": 0.01825}