{"ts": 1783650758.9335597, "regime": "calm", "rv": 0.02528}