{"ts": 1783718773.8620293, "regime": "calm", "rv": 0.02309}