{"ts": 1784795564.853873, "regime": "calm", "rv": 0.02174}