{"ts": 1784301802.4639525, "regime": "calm", "rv": 0.02281}