{"ts": 1783900821.9023373, "regime": "calm", "rv": 0.01898}