{"ts": 1783887838.8824131, "regime": "calm", "rv": 0.01906}