{"ts": 1783854022.1789103, "regime": "calm", "rv": 0.01947}