{"ts": 1783749049.5349472, "regime": "calm", "rv": 0.01941}