{"ts": 1783804530.3689356, "regime": "calm", "rv": 0.01523}