{"ts": 1784804185.02664, "regime": "calm", "rv": 0.02164}