{"ts": 1784309746.9658918, "regime": "calm", "rv": 0.02367}