{"ts": 1784859107.1525297, "regime": "calm", "rv": 0.02027}