{"ts": 1783655112.8907647, "regime": "calm", "rv": 0.02479}