{"ts": 1783808130.449653, "regime": "calm", "rv": 0.01517}