{"ts": 1783841751.2938933, "regime": "calm", "rv": 0.01935}