{"ts": 1783826789.5064392, "regime": "calm", "rv": 0.01828}