{"ts": 1783765589.477203, "regime": "calm", "rv": 0.01866}