{"ts": 1784827238.7618518, "regime": "calm", "rv": 0.02087}