{"ts": 1784247092.7771356, "regime": "calm", "rv": 0.02454}