{"ts": 1784223331.802249, "regime": "calm", "rv": 0.02498}