{"ts": 1783859750.7949545, "regime": "calm", "rv": 0.01979}