{"ts": 1784799165.1043649, "regime": "calm", "rv": 0.02171}