{"ts": 1783684243.991794, "regime": "calm", "rv": 0.02407}