{"ts": 1783701497.5149589, "regime": "calm", "rv": 0.02346}