{"ts": 1783869099.311765, "regime": "calm", "rv": 0.02003}