{"ts": 1784264421.8187542, "regime": "calm", "rv": 0.02572}