{"ts": 1784291002.1233568, "regime": "calm", "rv": 0.02217}