{"ts": 1783856151.091236, "regime": "calm", "rv": 0.01964}