{"ts": 1784250692.0982294, "regime": "calm", "rv": 0.02459}