{"ts": 1783917165.8205051, "regime": "calm", "rv": 0.02721}