{"ts": 1784813564.7981024, "regime": "calm", "rv": 0.02144}