{"ts": 1784222628.9471934, "regime": "calm", "rv": 0.02499}