{"ts": 1784858466.1933036, "regime": "calm", "rv": 0.02027}