{"ts": 1783851833.5512257, "regime": "calm", "rv": 0.01954}