{"ts": 1783791524.2087586, "regime": "calm", "rv": 0.01606}