{"ts": 1783643559.0604694, "regime": "calm", "rv": 0.02646}