{"ts": 1784839546.8210912, "regime": "calm", "rv": 0.02108}