{"ts": 1784295347.0139844, "regime": "calm", "rv": 0.02259}