{"ts": 1784009833.6809022, "regime": "calm", "rv": 0.02192}