{"ts": 1783852552.142724, "regime": "calm", "rv": 0.01951}