{"ts": 1783762724.1856246, "regime": "calm", "rv": 0.01888}