{"ts": 1783728953.1665154, "regime": "calm", "rv": 0.02258}