{"ts": 1784296822.1801453, "regime": "calm", "rv": 0.02322}