{"ts": 1783666397.5764165, "regime": "calm", "rv": 0.02418}