{"ts": 1784259331.9328415, "regime": "calm", "rv": 0.02569}