{"ts": 1784229093.19491, "regime": "calm", "rv": 0.02448}