{"ts": 1784267269.2648456, "regime": "calm", "rv": 0.02608}