{"ts": 1784273001.8854666, "regime": "calm", "rv": 0.02612}