{"ts": 1784842364.967522, "regime": "calm", "rv": 0.02103}