{"ts": 1784244932.408238, "regime": "calm", "rv": 0.02472}