{"ts": 1784256469.1742804, "regime": "calm", "rv": 0.02554}