{"ts": 1783781449.0426443, "regime": "calm", "rv": 0.01532}