{"ts": 1784809239.1542006, "regime": "calm", "rv": 0.02135}