{"ts": 1784826495.7858293, "regime": "calm", "rv": 0.02103}