{"ts": 1784234131.8369346, "regime": "calm", "rv": 0.02446}