{"ts": 1783848951.1623418, "regime": "calm", "rv": 0.01953}