{"ts": 1784331350.232209, "regime": "calm", "rv": 0.02379}