{"ts": 1783866233.2011995, "regime": "calm", "rv": 0.01978}