{"ts": 1784319801.7906117, "regime": "calm", "rv": 0.02412}