{"ts": 1784008407.755578, "regime": "calm", "rv": 0.02192}