{"ts": 1783806648.9672542, "regime": "calm", "rv": 0.01518}