{"ts": 1783828933.1855302, "regime": "calm", "rv": 0.01841}