{"ts": 1784212696.9552987, "regime": "calm", "rv": 0.02481}