{"ts": 1783641382.0833557, "regime": "calm", "rv": 0.02649}