{"ts": 1783763449.300417, "regime": "calm", "rv": 0.01893}