{"ts": 1784302547.0321684, "regime": "calm", "rv": 0.02292}