{"ts": 1784280201.8788967, "regime": "calm", "rv": 0.02262}