{"ts": 1783715173.883455, "regime": "calm", "rv": 0.02311}