{"ts": 1783716649.9786325, "regime": "calm", "rv": 0.02307}