{"ts": 1783689345.9336681, "regime": "calm", "rv": 0.02333}