{"ts": 1783905097.9203508, "regime": "calm", "rv": 0.02254}