{"ts": 1784023535.2556026, "regime": "calm", "rv": 0.02152}