{"ts": 1783917934.1422296, "regime": "calm", "rv": 0.02721}