{"ts": 1784820764.675936, "regime": "calm", "rv": 0.02228}