{"ts": 1784836584.8282743, "regime": "calm", "rv": 0.02078}