{"ts": 1783803049.153931, "regime": "calm", "rv": 0.01528}