{"ts": 1784027135.2479916, "regime": "calm", "rv": 0.02155}