{"ts": 1784823638.8349206, "regime": "calm", "rv": 0.02253}