{"ts": 1783704373.8407164, "regime": "calm", "rv": 0.02375}