{"ts": 1783657236.0237215, "regime": "calm", "rv": 0.02477}