{"ts": 1784022081.4633367, "regime": "calm", "rv": 0.02169}